bank_txn_id,settlement_id,component,amount,split
bnk_000000000001,setl_merchant_1_0001,gross,10828.39,train
bnk_000000000001,setl_merchant_1_0001,platform_fee,-135.24,train
bnk_000000000001,setl_merchant_1_0001,gst_on_fee,-24.35,train
bnk_000000000001,setl_merchant_1_0001,tds_194o,-83.78,train
bnk_000000000001,setl_merchant_1_0001,reserve_held,-318.77,train
bnk_000000000001,setl_merchant_1_0001,TOTAL_bank_credit,10266.25,train
bnk_000000000002,setl_merchant_1_0002,gross,46274.60,train
bnk_000000000002,setl_merchant_1_0002,platform_fee,-637.54,train
bnk_000000000002,setl_merchant_1_0002,gst_on_fee,-114.75,train
bnk_000000000002,setl_merchant_1_0002,tds_194o,-314.52,train
bnk_000000000002,setl_merchant_1_0002,reserve_held,-1508.22,train
bnk_000000000002,setl_merchant_1_0002,TOTAL_bank_credit,43699.57,train
bnk_000000000003,setl_merchant_1_0003,gross,45068.25,train
bnk_000000000003,setl_merchant_1_0003,platform_fee,-434.46,train
bnk_000000000003,setl_merchant_1_0003,gst_on_fee,-78.21,train
bnk_000000000003,setl_merchant_1_0003,tds_194o,-208.91,train
bnk_000000000003,setl_merchant_1_0003,reserve_held,-880.62,train
bnk_000000000003,setl_merchant_1_0003,reserve_released,9909.53,train
bnk_000000000003,setl_merchant_1_0003,TOTAL_bank_credit,53375.58,train
bnk_000000000004,setl_merchant_1_0004,gross,68524.96,train
bnk_000000000004,setl_merchant_1_0004,platform_fee,-799.42,train
bnk_000000000004,setl_merchant_1_0004,gst_on_fee,-143.90,train
bnk_000000000004,setl_merchant_1_0004,tds_194o,-310.51,train
bnk_000000000004,setl_merchant_1_0004,reserve_held,-1884.95,train
bnk_000000000004,setl_merchant_1_0004,TOTAL_bank_credit,65386.18,train
bnk_000000000005,setl_merchant_1_0005,gross,52479.63,train
bnk_000000000005,setl_merchant_1_0005,platform_fee,-463.89,train
bnk_000000000005,setl_merchant_1_0005,gst_on_fee,-83.51,train
bnk_000000000005,setl_merchant_1_0005,tds_194o,-175.20,train
bnk_000000000005,setl_merchant_1_0005,TOTAL_bank_credit,51757.03,train
bnk_000000000006,setl_merchant_1_0006,gross,42715.96,train
bnk_000000000006,setl_merchant_1_0006,platform_fee,-309.30,train
bnk_000000000006,setl_merchant_1_0006,gst_on_fee,-55.69,train
bnk_000000000006,setl_merchant_1_0006,tds_194o,-256.21,train
bnk_000000000006,setl_merchant_1_0006,reserve_held,-675.38,train
bnk_000000000006,setl_merchant_1_0006,TOTAL_bank_credit,41419.38,train
bnk_000000000007,setl_merchant_1_0007,gross,101401.81,train
bnk_000000000007,setl_merchant_1_0007,platform_fee,-886.63,train
bnk_000000000007,setl_merchant_1_0007,gst_on_fee,-159.60,train
bnk_000000000007,setl_merchant_1_0007,tds_194o,-630.03,train
bnk_000000000007,setl_merchant_1_0007,refund_netted,-309.32,train
bnk_000000000007,setl_merchant_1_0007,reserve_held,-1961.76,train
bnk_000000000007,setl_merchant_1_0007,rounding_drift,-0.03,train
bnk_000000000007,setl_merchant_1_0007,TOTAL_bank_credit,97454.44,train
bnk_000000000008,setl_merchant_1_0008,gross,151001.67,train
bnk_000000000008,setl_merchant_1_0008,platform_fee,-1559.26,train
bnk_000000000008,setl_merchant_1_0008,gst_on_fee,-280.66,train
bnk_000000000008,setl_merchant_1_0008,tds_194o,-631.43,train
bnk_000000000008,setl_merchant_1_0008,reserve_held,-3395.75,train
bnk_000000000008,setl_merchant_1_0008,reserve_released,4122.73,train
bnk_000000000008,setl_merchant_1_0008,TOTAL_bank_credit,149257.30,train
bnk_000000000009,setl_merchant_1_0009,gross,149058.01,train
bnk_000000000009,setl_merchant_1_0009,platform_fee,-1393.43,train
bnk_000000000009,setl_merchant_1_0009,gst_on_fee,-250.82,train
bnk_000000000009,setl_merchant_1_0009,tds_194o,-868.06,train
bnk_000000000009,setl_merchant_1_0009,reserve_held,-2960.78,train
bnk_000000000009,setl_merchant_1_0009,TOTAL_bank_credit,143584.92,train
bnk_000000000010,setl_merchant_1_0010,gross,25882.99,train
bnk_000000000010,setl_merchant_1_0010,platform_fee,-291.02,train
bnk_000000000010,setl_merchant_1_0010,gst_on_fee,-52.39,train
bnk_000000000010,setl_merchant_1_0010,tds_194o,-103.84,train
bnk_000000000010,setl_merchant_1_0010,reserve_held,-681.34,train
bnk_000000000010,setl_merchant_1_0010,TOTAL_bank_credit,24754.40,train
bnk_000000000011,setl_merchant_1_0011,gross,33028.87,train
bnk_000000000011,setl_merchant_1_0011,platform_fee,-316.29,train
bnk_000000000011,setl_merchant_1_0011,gst_on_fee,-56.94,train
bnk_000000000011,setl_merchant_1_0011,tds_194o,-182.93,train
bnk_000000000011,setl_merchant_1_0011,refund_netted,-605.86,train
bnk_000000000011,setl_merchant_1_0011,reserve_held,-728.31,train
bnk_000000000011,setl_merchant_1_0011,TOTAL_bank_credit,31138.54,train
bnk_000000000012,setl_merchant_1_0012,gross,52251.98,train
bnk_000000000012,setl_merchant_1_0012,platform_fee,-602.63,train
bnk_000000000012,setl_merchant_1_0012,gst_on_fee,-108.49,train
bnk_000000000012,setl_merchant_1_0012,tds_194o,-343.97,train
bnk_000000000012,setl_merchant_1_0012,refund_netted,-4329.58,train
bnk_000000000012,setl_merchant_1_0012,reserve_held,-1431.34,train
bnk_000000000012,setl_merchant_1_0012,TOTAL_bank_credit,45435.97,train
bnk_000000000013,setl_merchant_1_0013,gross,61676.41,train
bnk_000000000013,setl_merchant_1_0013,platform_fee,-902.54,train
bnk_000000000013,setl_merchant_1_0013,gst_on_fee,-162.46,train
bnk_000000000013,setl_merchant_1_0013,tds_194o,-428.39,train
bnk_000000000013,setl_merchant_1_0013,reserve_held,-2105.93,train
bnk_000000000013,setl_merchant_1_0013,TOTAL_bank_credit,58077.09,train
bnk_000000000014,setl_merchant_1_0014,gross,26549.53,train
bnk_000000000014,setl_merchant_1_0014,platform_fee,-375.10,train
bnk_000000000014,setl_merchant_1_0014,gst_on_fee,-67.52,train
bnk_000000000014,setl_merchant_1_0014,tds_194o,-233.15,train
bnk_000000000014,setl_merchant_1_0014,reserve_held,-915.61,train
bnk_000000000014,setl_merchant_1_0014,TOTAL_bank_credit,24958.15,train
bnk_000000000015,setl_merchant_1_0015,gross,24007.60,train
bnk_000000000015,setl_merchant_1_0015,platform_fee,-280.30,train
bnk_000000000015,setl_merchant_1_0015,gst_on_fee,-50.45,train
bnk_000000000015,setl_merchant_1_0015,tds_194o,-151.67,train
bnk_000000000015,setl_merchant_1_0015,reserve_held,-628.41,train
bnk_000000000015,setl_merchant_1_0015,TOTAL_bank_credit,22896.77,train
bnk_000000000016,setl_merchant_1_0016,gross,118445.73,train
bnk_000000000016,setl_merchant_1_0016,platform_fee,-1065.99,train
bnk_000000000016,setl_merchant_1_0016,gst_on_fee,-191.88,train
bnk_000000000016,setl_merchant_1_0016,tds_194o,-472.48,train
bnk_000000000016,setl_merchant_1_0016,refund_netted,-1803.11,train
bnk_000000000016,setl_merchant_1_0016,reserve_held,-2429.90,train
bnk_000000000016,setl_merchant_1_0016,TOTAL_bank_credit,112482.37,train
bnk_000000000017,setl_merchant_1_0017,gross,156475.79,train
bnk_000000000017,setl_merchant_1_0017,platform_fee,-904.41,train
bnk_000000000017,setl_merchant_1_0017,gst_on_fee,-162.85,train
bnk_000000000017,setl_merchant_1_0017,tds_194o,-878.88,train
bnk_000000000017,setl_merchant_1_0017,refund_netted,-3054.58,train
bnk_000000000017,setl_merchant_1_0017,reserve_held,-2194.49,train
bnk_000000000017,setl_merchant_1_0017,reserve_released,5819.90,train
bnk_000000000017,setl_merchant_1_0017,TOTAL_bank_credit,155100.48,train
bnk_000000000018,setl_merchant_1_0018,gross,9201.34,train
bnk_000000000018,setl_merchant_1_0018,platform_fee,-86.28,train
bnk_000000000018,setl_merchant_1_0018,gst_on_fee,-15.53,train
bnk_000000000018,setl_merchant_1_0018,tds_194o,-37.13,train
bnk_000000000018,setl_merchant_1_0018,reserve_held,-174.00,train
bnk_000000000018,setl_merchant_1_0018,TOTAL_bank_credit,8888.40,train
bnk_000000000019,setl_merchant_1_0019,gross,34693.15,train
bnk_000000000019,setl_merchant_1_0019,platform_fee,-233.08,train
bnk_000000000019,setl_merchant_1_0019,gst_on_fee,-41.95,train
bnk_000000000019,setl_merchant_1_0019,tds_194o,-286.11,train
bnk_000000000019,setl_merchant_1_0019,reserve_held,-390.06,train
bnk_000000000019,setl_merchant_1_0019,TOTAL_bank_credit,33741.95,train
bnk_000000000020,setl_merchant_1_0020,gross,57520.15,train
bnk_000000000020,setl_merchant_1_0020,platform_fee,-438.74,train
bnk_000000000020,setl_merchant_1_0020,gst_on_fee,-78.99,train
bnk_000000000020,setl_merchant_1_0020,tds_194o,-340.09,train
bnk_000000000020,setl_merchant_1_0020,reserve_held,-945.28,train
bnk_000000000020,setl_merchant_1_0020,TOTAL_bank_credit,55717.05,train
bnk_000000000021,setl_merchant_1_0021,gross,62289.79,train
bnk_000000000021,setl_merchant_1_0021,platform_fee,-365.48,train
bnk_000000000021,setl_merchant_1_0021,gst_on_fee,-65.78,train
bnk_000000000021,setl_merchant_1_0021,tds_194o,-367.10,train
bnk_000000000021,setl_merchant_1_0021,refund_netted,-1291.30,train
bnk_000000000021,setl_merchant_1_0021,reserve_held,-686.44,train
bnk_000000000021,setl_merchant_1_0021,reserve_released,17955.41,train
bnk_000000000021,setl_merchant_1_0021,TOTAL_bank_credit,77469.10,train
bnk_000000000022,setl_merchant_1_0022,gross,63779.85,train
bnk_000000000022,setl_merchant_1_0022,platform_fee,-641.00,train
bnk_000000000022,setl_merchant_1_0022,gst_on_fee,-115.39,train
bnk_000000000022,setl_merchant_1_0022,tds_194o,-249.06,train
bnk_000000000022,setl_merchant_1_0022,reserve_held,-1354.92,train
bnk_000000000022,setl_merchant_1_0022,TOTAL_bank_credit,61419.48,train
bnk_000000000023,setl_merchant_1_0023,gross,149690.57,train
bnk_000000000023,setl_merchant_1_0023,platform_fee,-1481.57,train
bnk_000000000023,setl_merchant_1_0023,gst_on_fee,-266.68,train
bnk_000000000023,setl_merchant_1_0023,tds_194o,-761.04,train
bnk_000000000023,setl_merchant_1_0023,refund_netted,-712.51,train
bnk_000000000023,setl_merchant_1_0023,reserve_held,-3418.37,train
bnk_000000000023,setl_merchant_1_0023,rounding_drift,0.05,train
bnk_000000000023,setl_merchant_1_0023,TOTAL_bank_credit,143050.45,train
bnk_000000000024,setl_merchant_1_0024,gross,231313.86,train
bnk_000000000024,setl_merchant_1_0024,platform_fee,-1413.60,train
bnk_000000000024,setl_merchant_1_0024,gst_on_fee,-254.47,train
bnk_000000000024,setl_merchant_1_0024,tds_194o,-1240.70,train
bnk_000000000024,setl_merchant_1_0024,refund_netted,-14979.54,train
bnk_000000000024,setl_merchant_1_0024,reserve_held,-2891.54,train
bnk_000000000024,setl_merchant_1_0024,reserve_released,15541.84,train
bnk_000000000024,setl_merchant_1_0024,TOTAL_bank_credit,226075.85,train
bnk_000000000025,setl_merchant_1_0025,gross,226076.18,train
bnk_000000000025,setl_merchant_1_0025,platform_fee,-2022.90,train
bnk_000000000025,setl_merchant_1_0025,gst_on_fee,-364.11,train
bnk_000000000025,setl_merchant_1_0025,tds_194o,-1175.45,train
bnk_000000000025,setl_merchant_1_0025,refund_netted,-1941.72,train
bnk_000000000025,setl_merchant_1_0025,reserve_held,-4576.67,train
bnk_000000000025,setl_merchant_1_0025,TOTAL_bank_credit,215995.33,train
bnk_000000000026,setl_merchant_1_0026,gross,16700.43,train
bnk_000000000026,setl_merchant_1_0026,platform_fee,-147.92,train
bnk_000000000026,setl_merchant_1_0026,gst_on_fee,-26.63,train
bnk_000000000026,setl_merchant_1_0026,tds_194o,-86.62,train
bnk_000000000026,setl_merchant_1_0026,reserve_held,-386.63,train
bnk_000000000026,setl_merchant_1_0026,reserve_released,16795.46,train
bnk_000000000026,setl_merchant_1_0026,TOTAL_bank_credit,32848.09,train
bnk_000000000027,setl_merchant_1_0027,gross,30022.08,train
bnk_000000000027,setl_merchant_1_0027,platform_fee,-124.99,train
bnk_000000000027,setl_merchant_1_0027,gst_on_fee,-22.49,train
bnk_000000000027,setl_merchant_1_0027,tds_194o,-167.25,train
bnk_000000000027,setl_merchant_1_0027,refund_netted,-1244.00,train
bnk_000000000027,setl_merchant_1_0027,chargeback_debit,-965.62,train
bnk_000000000027,setl_merchant_1_0027,dispute_fee,-300.00,train
bnk_000000000027,setl_merchant_1_0027,dispute_fee_gst,-54.00,train
bnk_000000000027,setl_merchant_1_0027,reserve_held,-242.74,train
bnk_000000000027,setl_merchant_1_0027,TOTAL_bank_credit,26900.99,train
bnk_000000000028,setl_merchant_1_0028,gross,75757.77,train
bnk_000000000028,setl_merchant_1_0028,platform_fee,-1085.31,train
bnk_000000000028,setl_merchant_1_0028,gst_on_fee,-195.34,train
bnk_000000000028,setl_merchant_1_0028,tds_194o,-130.91,train
bnk_000000000028,setl_merchant_1_0028,refund_netted,-242.00,train
bnk_000000000028,setl_merchant_1_0028,reserve_held,-2408.91,train
bnk_000000000028,setl_merchant_1_0028,TOTAL_bank_credit,71695.30,train
bnk_000000000029,setl_merchant_1_0029,gross,66855.27,train
bnk_000000000029,setl_merchant_1_0029,platform_fee,-575.04,train
bnk_000000000029,setl_merchant_1_0029,gst_on_fee,-103.48,train
bnk_000000000029,setl_merchant_1_0029,tds_194o,-352.25,train
bnk_000000000029,setl_merchant_1_0029,refund_netted,-1268.34,train
bnk_000000000029,setl_merchant_1_0029,reserve_held,-1120.98,train
bnk_000000000029,setl_merchant_1_0029,TOTAL_bank_credit,63435.18,train
bnk_000000000030,setl_merchant_1_0030,gross,69445.93,train
bnk_000000000030,setl_merchant_1_0030,platform_fee,-916.03,train
bnk_000000000030,setl_merchant_1_0030,gst_on_fee,-164.91,train
bnk_000000000030,setl_merchant_1_0030,tds_194o,-347.67,train
bnk_000000000030,setl_merchant_1_0030,TOTAL_bank_credit,68017.32,train
bnk_000000000031,setl_merchant_1_0031,gross,25884.34,train
bnk_000000000031,setl_merchant_1_0031,platform_fee,-317.12,train
bnk_000000000031,setl_merchant_1_0031,gst_on_fee,-57.07,train
bnk_000000000031,setl_merchant_1_0031,tds_194o,-187.86,train
bnk_000000000031,setl_merchant_1_0031,refund_netted,-850.99,train
bnk_000000000031,setl_merchant_1_0031,reserve_held,-754.73,train
bnk_000000000031,setl_merchant_1_0031,TOTAL_bank_credit,23716.57,train
bnk_000000000032,setl_merchant_1_0032,gross,38463.04,train
bnk_000000000032,setl_merchant_1_0032,platform_fee,-334.05,train
bnk_000000000032,setl_merchant_1_0032,gst_on_fee,-60.13,train
bnk_000000000032,setl_merchant_1_0032,tds_194o,-219.47,train
bnk_000000000032,setl_merchant_1_0032,refund_netted,-1024.07,train
bnk_000000000032,setl_merchant_1_0032,reserve_held,-717.29,train
bnk_000000000032,setl_merchant_1_0032,rounding_drift,0.01,train
bnk_000000000032,setl_merchant_1_0032,TOTAL_bank_credit,36108.04,train
bnk_000000000033,setl_merchant_1_0033,gross,103181.10,train
bnk_000000000033,setl_merchant_1_0033,platform_fee,-542.77,train
bnk_000000000033,setl_merchant_1_0033,gst_on_fee,-97.70,train
bnk_000000000033,setl_merchant_1_0033,tds_194o,-239.89,train
bnk_000000000033,setl_merchant_1_0033,refund_netted,-1922.68,train
bnk_000000000033,setl_merchant_1_0033,reserve_held,-1233.80,train
bnk_000000000033,setl_merchant_1_0033,TOTAL_bank_credit,99144.26,train
bnk_000000000034,setl_merchant_1_0034,gross,67928.82,train
bnk_000000000034,setl_merchant_1_0034,platform_fee,-815.72,train
bnk_000000000034,setl_merchant_1_0034,gst_on_fee,-146.83,train
bnk_000000000034,setl_merchant_1_0034,tds_194o,-414.40,train
bnk_000000000034,setl_merchant_1_0034,refund_netted,-1962.07,train
bnk_000000000034,setl_merchant_1_0034,reserve_held,-1864.36,train
bnk_000000000034,setl_merchant_1_0034,TOTAL_bank_credit,62725.44,train
bnk_000000000035,setl_merchant_1_0035,gross,12125.51,train
bnk_000000000035,setl_merchant_1_0035,platform_fee,-124.31,train
bnk_000000000035,setl_merchant_1_0035,gst_on_fee,-22.37,train
bnk_000000000035,setl_merchant_1_0035,tds_194o,-41.43,train
bnk_000000000035,setl_merchant_1_0035,refund_netted,-51.40,train
bnk_000000000035,setl_merchant_1_0035,reserve_held,-232.94,train
bnk_000000000035,setl_merchant_1_0035,TOTAL_bank_credit,11653.06,train
bnk_000000000036,setl_merchant_1_0036,gross,37192.42,train
bnk_000000000036,setl_merchant_1_0036,platform_fee,-94.81,train
bnk_000000000036,setl_merchant_1_0036,gst_on_fee,-17.06,train
bnk_000000000036,setl_merchant_1_0036,tds_194o,-245.88,train
bnk_000000000036,setl_merchant_1_0036,reserve_held,-168.31,train
bnk_000000000036,setl_merchant_1_0036,TOTAL_bank_credit,36666.36,train
bnk_000000000039,setl_merchant_1_0037,gross,72588.10,train
bnk_000000000039,setl_merchant_1_0037,platform_fee,-330.51,train
bnk_000000000039,setl_merchant_1_0037,gst_on_fee,-59.48,train
bnk_000000000039,setl_merchant_1_0037,tds_194o,-532.63,train
bnk_000000000039,setl_merchant_1_0037,refund_netted,-2366.36,train
bnk_000000000039,setl_merchant_1_0037,reserve_held,-594.04,train
bnk_000000000039,setl_merchant_1_0037,TOTAL_bank_credit,68705.08,train
bnk_000000000040,setl_merchant_1_0038,gross,64145.48,train
bnk_000000000040,setl_merchant_1_0038,platform_fee,-757.79,train
bnk_000000000040,setl_merchant_1_0038,gst_on_fee,-136.42,train
bnk_000000000040,setl_merchant_1_0038,tds_194o,-372.54,train
bnk_000000000040,setl_merchant_1_0038,refund_netted,-2663.41,train
bnk_000000000040,setl_merchant_1_0038,reserve_held,-2001.57,train
bnk_000000000040,setl_merchant_1_0038,TOTAL_bank_credit,58213.75,train
bnk_000000000041,setl_merchant_1_0039,gross,9739.26,train
bnk_000000000041,setl_merchant_1_0039,platform_fee,-87.29,train
bnk_000000000041,setl_merchant_1_0039,gst_on_fee,-15.71,train
bnk_000000000041,setl_merchant_1_0039,tds_194o,-74.16,train
bnk_000000000041,setl_merchant_1_0039,reserve_held,-153.47,train
bnk_000000000041,setl_merchant_1_0039,rounding_drift,0.01,train
bnk_000000000041,setl_merchant_1_0039,TOTAL_bank_credit,9408.64,train
bnk_000000000042,setl_merchant_1_0040,gross,30809.20,train
bnk_000000000042,setl_merchant_1_0040,platform_fee,-201.28,train
bnk_000000000042,setl_merchant_1_0040,gst_on_fee,-36.23,train
bnk_000000000042,setl_merchant_1_0040,tds_194o,-133.71,train
bnk_000000000042,setl_merchant_1_0040,refund_netted,-1334.12,train
bnk_000000000042,setl_merchant_1_0040,reserve_held,-344.89,train
bnk_000000000042,setl_merchant_1_0040,TOTAL_bank_credit,28758.97,train
bnk_000000000043,setl_merchant_1_0041,gross,180303.33,train
bnk_000000000043,setl_merchant_1_0041,platform_fee,-1624.25,train
bnk_000000000043,setl_merchant_1_0041,gst_on_fee,-292.38,train
bnk_000000000043,setl_merchant_1_0041,tds_194o,-1000.35,train
bnk_000000000043,setl_merchant_1_0041,refund_netted,-21999.57,train
bnk_000000000043,setl_merchant_1_0041,reserve_held,-3651.05,train
bnk_000000000043,setl_merchant_1_0041,TOTAL_bank_credit,151735.73,train
bnk_000000000044,setl_merchant_1_0042,gross,142747.27,train
bnk_000000000044,setl_merchant_1_0042,platform_fee,-1290.88,train
bnk_000000000044,setl_merchant_1_0042,gst_on_fee,-232.37,train
bnk_000000000044,setl_merchant_1_0042,tds_194o,-550.59,train
bnk_000000000044,setl_merchant_1_0042,reserve_held,-2794.35,train
bnk_000000000044,setl_merchant_1_0042,TOTAL_bank_credit,137879.08,train
bnk_000000000045,setl_merchant_1_0043,gross,69788.33,dev
bnk_000000000045,setl_merchant_1_0043,platform_fee,-756.64,dev
bnk_000000000045,setl_merchant_1_0043,gst_on_fee,-136.20,dev
bnk_000000000045,setl_merchant_1_0043,tds_194o,-388.09,dev
bnk_000000000045,setl_merchant_1_0043,refund_netted,-309.24,dev
bnk_000000000045,setl_merchant_1_0043,reserve_held,-1674.69,dev
bnk_000000000045,setl_merchant_1_0043,TOTAL_bank_credit,66523.47,dev
bnk_000000000046,setl_merchant_1_0044,gross,80767.25,dev
bnk_000000000046,setl_merchant_1_0044,platform_fee,-654.94,dev
bnk_000000000046,setl_merchant_1_0044,gst_on_fee,-117.88,dev
bnk_000000000046,setl_merchant_1_0044,tds_194o,-382.88,dev
bnk_000000000046,setl_merchant_1_0044,refund_netted,-599.40,dev
bnk_000000000046,setl_merchant_1_0044,reserve_held,-1328.72,dev
bnk_000000000046,setl_merchant_1_0044,reserve_released,4352.69,dev
bnk_000000000046,setl_merchant_1_0044,TOTAL_bank_credit,82036.12,dev
bnk_000000000047,setl_merchant_1_0045,gross,174417.63,dev
bnk_000000000047,setl_merchant_1_0045,platform_fee,-1437.79,dev
bnk_000000000047,setl_merchant_1_0045,gst_on_fee,-258.81,dev
bnk_000000000047,setl_merchant_1_0045,tds_194o,-1012.78,dev
bnk_000000000047,setl_merchant_1_0045,refund_netted,-5617.38,dev
bnk_000000000047,setl_merchant_1_0045,chargeback_debit,-569.27,dev
bnk_000000000047,setl_merchant_1_0045,dispute_fee,-600.00,dev
bnk_000000000047,setl_merchant_1_0045,dispute_fee_gst,-108.00,dev
bnk_000000000047,setl_merchant_1_0045,reserve_held,-2793.90,dev
bnk_000000000047,setl_merchant_1_0045,TOTAL_bank_credit,162019.70,dev
bnk_000000000048,setl_merchant_1_0046,gross,114635.36,dev
bnk_000000000048,setl_merchant_1_0046,platform_fee,-1425.93,dev
bnk_000000000048,setl_merchant_1_0046,gst_on_fee,-256.65,dev
bnk_000000000048,setl_merchant_1_0046,tds_194o,-534.53,dev
bnk_000000000048,setl_merchant_1_0046,refund_netted,-126.74,dev
bnk_000000000048,setl_merchant_1_0046,reserve_held,-2852.92,dev
bnk_000000000048,setl_merchant_1_0046,TOTAL_bank_credit,109438.59,dev
bnk_000000000049,setl_merchant_1_0047,gross,26185.88,dev
bnk_000000000049,setl_merchant_1_0047,platform_fee,-279.01,dev
bnk_000000000049,setl_merchant_1_0047,gst_on_fee,-50.23,dev
bnk_000000000049,setl_merchant_1_0047,tds_194o,-141.21,dev
bnk_000000000049,setl_merchant_1_0047,refund_netted,-641.43,dev
bnk_000000000049,setl_merchant_1_0047,reserve_held,-544.26,dev
bnk_000000000049,setl_merchant_1_0047,TOTAL_bank_credit,24529.74,dev
bnk_000000000050,setl_merchant_1_0048,gross,28670.82,dev
bnk_000000000050,setl_merchant_1_0048,platform_fee,-395.74,dev
bnk_000000000050,setl_merchant_1_0048,gst_on_fee,-71.26,dev
bnk_000000000050,setl_merchant_1_0048,tds_194o,-167.98,dev
bnk_000000000050,setl_merchant_1_0048,refund_netted,-467.00,dev
bnk_000000000050,setl_merchant_1_0048,reserve_held,-788.44,dev
bnk_000000000050,setl_merchant_1_0048,TOTAL_bank_credit,26780.40,dev
bnk_000000000051,setl_merchant_1_0049,gross,70324.81,dev
bnk_000000000051,setl_merchant_1_0049,platform_fee,-781.57,dev
bnk_000000000051,setl_merchant_1_0049,gst_on_fee,-140.66,dev
bnk_000000000051,setl_merchant_1_0049,tds_194o,-328.74,dev
bnk_000000000051,setl_merchant_1_0049,refund_netted,-615.53,dev
bnk_000000000051,setl_merchant_1_0049,chargeback_debit,-1422.61,dev
bnk_000000000051,setl_merchant_1_0049,dispute_fee,-900.00,dev
bnk_000000000051,setl_merchant_1_0049,dispute_fee_gst,-162.00,dev
bnk_000000000051,setl_merchant_1_0049,reserve_held,-1488.29,dev
bnk_000000000051,setl_merchant_1_0049,TOTAL_bank_credit,64485.41,dev
bnk_000000000052,setl_merchant_1_0050,gross,49205.05,dev
bnk_000000000052,setl_merchant_1_0050,platform_fee,-543.69,dev
bnk_000000000052,setl_merchant_1_0050,gst_on_fee,-97.86,dev
bnk_000000000052,setl_merchant_1_0050,tds_194o,-277.23,dev
bnk_000000000052,setl_merchant_1_0050,refund_netted,-1880.95,dev
bnk_000000000052,setl_merchant_1_0050,dispute_fee,-300.00,dev
bnk_000000000052,setl_merchant_1_0050,dispute_fee_gst,-54.00,dev
bnk_000000000052,setl_merchant_1_0050,reserve_held,-1159.62,dev
bnk_000000000052,setl_merchant_1_0050,TOTAL_bank_credit,44891.70,dev
bnk_000000000053,setl_merchant_1_0051,gross,21061.43,dev
bnk_000000000053,setl_merchant_1_0051,platform_fee,-131.77,dev
bnk_000000000053,setl_merchant_1_0051,gst_on_fee,-23.72,dev
bnk_000000000053,setl_merchant_1_0051,tds_194o,-106.73,dev
bnk_000000000053,setl_merchant_1_0051,refund_netted,-1953.36,dev
bnk_000000000053,setl_merchant_1_0051,reserve_held,-276.67,dev
bnk_000000000053,setl_merchant_1_0051,TOTAL_bank_credit,18569.18,dev
bnk_000000000054,setl_merchant_1_0052,gross,58878.37,dev
bnk_000000000054,setl_merchant_1_0052,platform_fee,-842.30,dev
bnk_000000000054,setl_merchant_1_0052,gst_on_fee,-151.62,dev
bnk_000000000054,setl_merchant_1_0052,tds_194o,-216.97,dev
bnk_000000000054,setl_merchant_1_0052,refund_netted,-3347.80,dev
bnk_000000000054,setl_merchant_1_0052,reserve_held,-1737.67,dev
bnk_000000000054,setl_merchant_1_0052,TOTAL_bank_credit,52582.01,dev
bnk_000000000055,setl_merchant_1_0053,gross,91523.28,dev
bnk_000000000055,setl_merchant_1_0053,platform_fee,-767.62,dev
bnk_000000000055,setl_merchant_1_0053,gst_on_fee,-138.16,dev
bnk_000000000055,setl_merchant_1_0053,tds_194o,-475.73,dev
bnk_000000000055,setl_merchant_1_0053,refund_netted,-1502.16,dev
bnk_000000000055,setl_merchant_1_0053,reserve_held,-1577.00,dev
bnk_000000000055,setl_merchant_1_0053,reserve_released,13304.06,dev
bnk_000000000055,setl_merchant_1_0053,TOTAL_bank_credit,100366.67,dev
bnk_000000000056,setl_merchant_1_0054,gross,89123.84,dev
bnk_000000000056,setl_merchant_1_0054,platform_fee,-992.06,dev
bnk_000000000056,setl_merchant_1_0054,gst_on_fee,-178.59,dev
bnk_000000000056,setl_merchant_1_0054,tds_194o,-563.49,dev
bnk_000000000056,setl_merchant_1_0054,refund_netted,-180.99,dev
bnk_000000000056,setl_merchant_1_0054,chargeback_debit,-515.00,dev
bnk_000000000056,setl_merchant_1_0054,dispute_fee,-300.00,dev
bnk_000000000056,setl_merchant_1_0054,dispute_fee_gst,-54.00,dev
bnk_000000000056,setl_merchant_1_0054,reserve_held,-1953.86,dev
bnk_000000000056,setl_merchant_1_0054,reserve_released,13434.65,dev
bnk_000000000056,setl_merchant_1_0054,TOTAL_bank_credit,97820.50,dev
bnk_000000000057,setl_merchant_1_0055,gross,9968.51,dev
bnk_000000000057,setl_merchant_1_0055,platform_fee,-144.37,dev
bnk_000000000057,setl_merchant_1_0055,gst_on_fee,-26.00,dev
bnk_000000000057,setl_merchant_1_0055,tds_194o,-54.42,dev
bnk_000000000057,setl_merchant_1_0055,refund_netted,-232.83,dev
bnk_000000000057,setl_merchant_1_0055,reserve_held,-266.00,dev
bnk_000000000057,setl_merchant_1_0055,unexplained,-2260.57,dev
bnk_000000000057,setl_merchant_1_0055,TOTAL_bank_credit,6984.32,dev
bnk_000000000058,setl_merchant_1_0056,gross,42973.75,dev
bnk_000000000058,setl_merchant_1_0056,platform_fee,-466.79,dev
bnk_000000000058,setl_merchant_1_0056,gst_on_fee,-84.02,dev
bnk_000000000058,setl_merchant_1_0056,tds_194o,-285.85,dev
bnk_000000000058,setl_merchant_1_0056,refund_netted,-342.04,dev
bnk_000000000058,setl_merchant_1_0056,dispute_fee,-300.00,dev
bnk_000000000058,setl_merchant_1_0056,dispute_fee_gst,-54.00,dev
bnk_000000000058,setl_merchant_1_0056,reserve_held,-944.94,dev
bnk_000000000058,setl_merchant_1_0056,reserve_released,11597.32,dev
bnk_000000000058,setl_merchant_1_0056,TOTAL_bank_credit,52093.43,dev
bnk_000000000059,setl_merchant_1_0057,gross,109448.57,dev
bnk_000000000059,setl_merchant_1_0057,platform_fee,-1562.80,dev
bnk_000000000059,setl_merchant_1_0057,gst_on_fee,-281.31,dev
bnk_000000000059,setl_merchant_1_0057,tds_194o,-701.30,dev
bnk_000000000059,setl_merchant_1_0057,reserve_held,-3412.97,dev
bnk_000000000059,setl_merchant_1_0057,TOTAL_bank_credit,103490.19,dev
bnk_000000000060,setl_merchant_1_0058,gross,95133.02,dev
bnk_000000000060,setl_merchant_1_0058,platform_fee,-626.11,dev
bnk_000000000060,setl_merchant_1_0058,gst_on_fee,-112.70,dev
bnk_000000000060,setl_merchant_1_0058,tds_194o,-642.57,dev
bnk_000000000060,setl_merchant_1_0058,refund_netted,-195.32,dev
bnk_000000000060,setl_merchant_1_0058,reserve_held,-1386.19,dev
bnk_000000000060,setl_merchant_1_0058,TOTAL_bank_credit,92170.13,dev
bnk_000000000061,setl_merchant_1_0059,gross,53283.26,test
bnk_000000000061,setl_merchant_1_0059,platform_fee,-1090.94,test
bnk_000000000061,setl_merchant_1_0059,gst_on_fee,-196.38,test
bnk_000000000061,setl_merchant_1_0059,tds_194o,-390.38,test
bnk_000000000061,setl_merchant_1_0059,TOTAL_bank_credit,51605.56,test
bnk_000000000062,setl_merchant_1_0060,gross,44770.07,test
bnk_000000000062,setl_merchant_1_0060,platform_fee,-443.41,test
bnk_000000000062,setl_merchant_1_0060,gst_on_fee,-79.83,test
bnk_000000000062,setl_merchant_1_0060,tds_194o,-316.63,test
bnk_000000000062,setl_merchant_1_0060,TOTAL_bank_credit,43930.20,test
bnk_000000000063,setl_merchant_1_0061,gross,4614.96,test
bnk_000000000063,setl_merchant_1_0061,platform_fee,-59.27,test
bnk_000000000063,setl_merchant_1_0061,gst_on_fee,-10.67,test
bnk_000000000063,setl_merchant_1_0061,tds_194o,-15.31,test
bnk_000000000063,setl_merchant_1_0061,reserve_held,-108.03,test
bnk_000000000063,setl_merchant_1_0061,TOTAL_bank_credit,4421.68,test
bnk_000000000064,setl_merchant_1_0062,gross,79475.51,test
bnk_000000000064,setl_merchant_1_0062,platform_fee,-811.77,test
bnk_000000000064,setl_merchant_1_0062,gst_on_fee,-146.13,test
bnk_000000000064,setl_merchant_1_0062,tds_194o,-492.96,test
bnk_000000000064,setl_merchant_1_0062,refund_netted,-225.00,test
bnk_000000000064,setl_merchant_1_0062,reserve_held,-1600.60,test
bnk_000000000064,setl_merchant_1_0062,TOTAL_bank_credit,76199.05,test
bnk_000000000065,setl_merchant_1_0063,gross,78539.32,test
bnk_000000000065,setl_merchant_1_0063,platform_fee,-789.53,test
bnk_000000000065,setl_merchant_1_0063,gst_on_fee,-142.13,test
bnk_000000000065,setl_merchant_1_0063,tds_194o,-359.84,test
bnk_000000000065,setl_merchant_1_0063,refund_netted,-1886.39,test
bnk_000000000065,setl_merchant_1_0063,reserve_held,-1432.64,test
bnk_000000000065,setl_merchant_1_0063,rounding_drift,0.03,test
bnk_000000000065,setl_merchant_1_0063,TOTAL_bank_credit,73928.82,test
bnk_000000000066,setl_merchant_1_0064,gross,49976.40,test
bnk_000000000066,setl_merchant_1_0064,platform_fee,-322.85,test
bnk_000000000066,setl_merchant_1_0064,gst_on_fee,-58.11,test
bnk_000000000066,setl_merchant_1_0064,tds_194o,-380.09,test
bnk_000000000066,setl_merchant_1_0064,refund_netted,-1982.96,test
bnk_000000000066,setl_merchant_1_0064,reserve_held,-680.89,test
bnk_000000000066,setl_merchant_1_0064,TOTAL_bank_credit,46551.50,test
bnk_000000000067,setl_merchant_1_0065,gross,32550.81,test
bnk_000000000067,setl_merchant_1_0065,platform_fee,-204.83,test
bnk_000000000067,setl_merchant_1_0065,gst_on_fee,-36.87,test
bnk_000000000067,setl_merchant_1_0065,tds_194o,-152.26,test
bnk_000000000067,setl_merchant_1_0065,refund_netted,-585.31,test
bnk_000000000067,setl_merchant_1_0065,reserve_held,-391.27,test
bnk_000000000067,setl_merchant_1_0065,TOTAL_bank_credit,31180.27,test
bnk_000000000068,setl_merchant_1_0066,gross,141902.44,test
bnk_000000000068,setl_merchant_1_0066,platform_fee,-1738.05,test
bnk_000000000068,setl_merchant_1_0066,gst_on_fee,-312.86,test
bnk_000000000068,setl_merchant_1_0066,tds_194o,-900.67,test
bnk_000000000068,setl_merchant_1_0066,refund_netted,-18210.30,test
bnk_000000000068,setl_merchant_1_0066,dispute_fee,-300.00,test
bnk_000000000068,setl_merchant_1_0066,dispute_fee_gst,-54.00,test
bnk_000000000068,setl_merchant_1_0066,reserve_held,-3994.87,test
bnk_000000000068,setl_merchant_1_0066,reserve_released,6477.19,test
bnk_000000000068,setl_merchant_1_0066,TOTAL_bank_credit,122868.88,test
bnk_000000000069,setl_merchant_1_0067,gross,195725.71,test
bnk_000000000069,setl_merchant_1_0067,platform_fee,-2104.26,test
bnk_000000000069,setl_merchant_1_0067,gst_on_fee,-378.76,test
bnk_000000000069,setl_merchant_1_0067,tds_194o,-1043.82,test
bnk_000000000069,setl_merchant_1_0067,refund_netted,-5089.63,test
bnk_000000000069,setl_merchant_1_0067,chargeback_debit,-13875.61,test
bnk_000000000069,setl_merchant_1_0067,dispute_fee,-300.00,test
bnk_000000000069,setl_merchant_1_0067,dispute_fee_gst,-54.00,test
bnk_000000000069,setl_merchant_1_0067,reserve_held,-4340.96,test
bnk_000000000069,setl_merchant_1_0067,rounding_drift,-0.01,test
bnk_000000000069,setl_merchant_1_0067,TOTAL_bank_credit,168538.66,test
bnk_000000000070,setl_merchant_1_0068,gross,197951.09,test
bnk_000000000070,setl_merchant_1_0068,platform_fee,-2141.92,test
bnk_000000000070,setl_merchant_1_0068,gst_on_fee,-385.55,test
bnk_000000000070,setl_merchant_1_0068,tds_194o,-1089.18,test
bnk_000000000070,setl_merchant_1_0068,refund_netted,-14425.67,test
bnk_000000000070,setl_merchant_1_0068,chargeback_debit,-1535.19,test
bnk_000000000070,setl_merchant_1_0068,dispute_fee,-600.00,test
bnk_000000000070,setl_merchant_1_0068,dispute_fee_gst,-108.00,test
bnk_000000000070,setl_merchant_1_0068,reserve_held,-4097.00,test
bnk_000000000070,setl_merchant_1_0068,TOTAL_bank_credit,173568.58,test
bnk_000000000071,setl_merchant_1_0069,gross,148788.31,test
bnk_000000000071,setl_merchant_1_0069,platform_fee,-1223.26,test
bnk_000000000071,setl_merchant_1_0069,gst_on_fee,-220.18,test
bnk_000000000071,setl_merchant_1_0069,tds_194o,-886.83,test
bnk_000000000071,setl_merchant_1_0069,refund_netted,-3242.83,test
bnk_000000000071,setl_merchant_1_0069,chargeback_debit,-1045.00,test
bnk_000000000071,setl_merchant_1_0069,dispute_fee,-300.00,test
bnk_000000000071,setl_merchant_1_0069,dispute_fee_gst,-54.00,test
bnk_000000000071,setl_merchant_1_0069,reserve_held,-2249.40,test
bnk_000000000071,setl_merchant_1_0069,TOTAL_bank_credit,139566.81,test
bnk_000000000072,setl_merchant_1_0070,gross,171972.06,test
bnk_000000000072,setl_merchant_1_0070,platform_fee,-1641.46,test
bnk_000000000072,setl_merchant_1_0070,gst_on_fee,-295.47,test
bnk_000000000072,setl_merchant_1_0070,tds_194o,-969.90,test
bnk_000000000072,setl_merchant_1_0070,refund_netted,-3504.60,test
bnk_000000000072,setl_merchant_1_0070,reserve_held,-3392.14,test
bnk_000000000072,setl_merchant_1_0070,rounding_drift,-0.03,test
bnk_000000000072,setl_merchant_1_0070,TOTAL_bank_credit,162168.46,test
bnk_000000000073,setl_merchant_1_0071,gross,13704.92,test
bnk_000000000073,setl_merchant_1_0071,platform_fee,-48.03,test
bnk_000000000073,setl_merchant_1_0071,gst_on_fee,-8.65,test
bnk_000000000073,setl_merchant_1_0071,tds_194o,-85.10,test
bnk_000000000073,setl_merchant_1_0071,reserve_held,-69.84,test
bnk_000000000073,setl_merchant_1_0071,rounding_drift,0.02,test
bnk_000000000073,setl_merchant_1_0071,TOTAL_bank_credit,13493.32,test
bnk_000000000074,setl_merchant_1_0072,gross,65116.06,test
bnk_000000000074,setl_merchant_1_0072,platform_fee,-440.08,test
bnk_000000000074,setl_merchant_1_0072,gst_on_fee,-79.21,test
bnk_000000000074,setl_merchant_1_0072,tds_194o,-534.49,test
bnk_000000000074,setl_merchant_1_0072,reserve_held,-792.36,test
bnk_000000000074,setl_merchant_1_0072,TOTAL_bank_credit,63269.92,test
bnk_000000000075,setl_merchant_1_0073,gross,60648.02,test
bnk_000000000075,setl_merchant_1_0073,platform_fee,-693.30,test
bnk_000000000075,setl_merchant_1_0073,gst_on_fee,-124.80,test
bnk_000000000075,setl_merchant_1_0073,tds_194o,-296.01,test
bnk_000000000075,setl_merchant_1_0073,refund_netted,-4845.19,test
bnk_000000000075,setl_merchant_1_0073,reserve_held,-1554.51,test
bnk_000000000075,setl_merchant_1_0073,TOTAL_bank_credit,53134.21,test
bnk_000000000076,setl_merchant_1_0074,gross,86995.78,test
bnk_000000000076,setl_merchant_1_0074,platform_fee,-853.78,test
bnk_000000000076,setl_merchant_1_0074,gst_on_fee,-153.72,test
bnk_000000000076,setl_merchant_1_0074,tds_194o,-397.55,test
bnk_000000000076,setl_merchant_1_0074,refund_netted,-1616.43,test
bnk_000000000076,setl_merchant_1_0074,chargeback_debit,-1733.95,test
bnk_000000000076,setl_merchant_1_0074,dispute_fee,-600.00,test
bnk_000000000076,setl_merchant_1_0074,dispute_fee_gst,-108.00,test
bnk_000000000076,setl_merchant_1_0074,reserve_held,-1720.63,test
bnk_000000000076,setl_merchant_1_0074,TOTAL_bank_credit,79811.72,test
bnk_000000000077,setl_merchant_1_0075,gross,7664.29,test
bnk_000000000077,setl_merchant_1_0075,platform_fee,-81.34,test
bnk_000000000077,setl_merchant_1_0075,gst_on_fee,-14.63,test
bnk_000000000077,setl_merchant_1_0075,tds_194o,-31.22,test
bnk_000000000077,setl_merchant_1_0075,refund_netted,-464.00,test
bnk_000000000077,setl_merchant_1_0075,reserve_held,-114.79,test
bnk_000000000077,setl_merchant_1_0075,TOTAL_bank_credit,6958.31,test
bnk_000000000078,setl_merchant_1_0076,gross,42503.31,test
bnk_000000000078,setl_merchant_1_0076,platform_fee,-340.20,test
bnk_000000000078,setl_merchant_1_0076,gst_on_fee,-61.22,test
bnk_000000000078,setl_merchant_1_0076,tds_194o,-159.40,test
bnk_000000000078,setl_merchant_1_0076,refund_netted,-3220.93,test
bnk_000000000078,setl_merchant_1_0076,chargeback_debit,-671.08,test
bnk_000000000078,setl_merchant_1_0076,dispute_fee,-300.00,test
bnk_000000000078,setl_merchant_1_0076,dispute_fee_gst,-54.00,test
bnk_000000000078,setl_merchant_1_0076,reserve_held,-641.62,test
bnk_000000000078,setl_merchant_1_0076,TOTAL_bank_credit,37054.86,test
bnk_000000000079,setl_merchant_1_0077,gross,71184.16,test
bnk_000000000079,setl_merchant_1_0077,platform_fee,-877.47,test
bnk_000000000079,setl_merchant_1_0077,gst_on_fee,-157.94,test
bnk_000000000079,setl_merchant_1_0077,tds_194o,-535.73,test
bnk_000000000079,setl_merchant_1_0077,refund_netted,-3905.99,test
bnk_000000000079,setl_merchant_1_0077,chargeback_debit,-818.88,test
bnk_000000000079,setl_merchant_1_0077,dispute_fee,-300.00,test
bnk_000000000079,setl_merchant_1_0077,dispute_fee_gst,-54.00,test
bnk_000000000079,setl_merchant_1_0077,reserve_held,-1867.37,test
bnk_000000000079,setl_merchant_1_0077,TOTAL_bank_credit,62666.78,test
bnk_000000000080,setl_merchant_1_0078,gross,93318.25,test
bnk_000000000080,setl_merchant_1_0078,platform_fee,-813.75,test
bnk_000000000080,setl_merchant_1_0078,gst_on_fee,-146.48,test
bnk_000000000080,setl_merchant_1_0078,tds_194o,-652.06,test
bnk_000000000080,setl_merchant_1_0078,refund_netted,-13903.71,test
bnk_000000000080,setl_merchant_1_0078,chargeback_debit,-1222.44,test
bnk_000000000080,setl_merchant_1_0078,dispute_fee,-300.00,test
bnk_000000000080,setl_merchant_1_0078,dispute_fee_gst,-54.00,test
bnk_000000000080,setl_merchant_1_0078,reserve_held,-1756.38,test
bnk_000000000080,setl_merchant_1_0078,reserve_released,7367.21,test
bnk_000000000080,setl_merchant_1_0078,TOTAL_bank_credit,81836.64,test
bnk_000000000081,setl_merchant_1_0079,gross,21423.27,test
bnk_000000000081,setl_merchant_1_0079,platform_fee,-243.75,test
bnk_000000000081,setl_merchant_1_0079,gst_on_fee,-43.87,test
bnk_000000000081,setl_merchant_1_0079,tds_194o,-126.11,test
bnk_000000000081,setl_merchant_1_0079,reserve_held,-483.79,test
bnk_000000000081,setl_merchant_1_0079,TOTAL_bank_credit,20525.75,test
bnk_000000000082,setl_merchant_1_0080,gross,48407.16,test
bnk_000000000082,setl_merchant_1_0080,platform_fee,-260.99,test
bnk_000000000082,setl_merchant_1_0080,gst_on_fee,-46.99,test
bnk_000000000082,setl_merchant_1_0080,tds_194o,-164.00,test
bnk_000000000082,setl_merchant_1_0080,refund_netted,-388.89,test
bnk_000000000082,setl_merchant_1_0080,reserve_held,-556.25,test
bnk_000000000082,setl_merchant_1_0080,reserve_released,13721.07,test
bnk_000000000082,setl_merchant_1_0080,TOTAL_bank_credit,60711.11,test
bnk_000000000083,setl_merchant_1_0081,gross,80935.01,test
bnk_000000000083,setl_merchant_1_0081,platform_fee,-823.05,test
bnk_000000000083,setl_merchant_1_0081,gst_on_fee,-148.14,test
bnk_000000000083,setl_merchant_1_0081,tds_194o,-463.92,test
bnk_000000000083,setl_merchant_1_0081,refund_netted,-554.99,test
bnk_000000000083,setl_merchant_1_0081,reserve_held,-1643.99,test
bnk_000000000083,setl_merchant_1_0081,TOTAL_bank_credit,77300.92,test
bnk_000000000084,setl_merchant_1_0082,gross,48108.43,test
bnk_000000000084,setl_merchant_1_0082,platform_fee,-358.35,test
bnk_000000000084,setl_merchant_1_0082,gst_on_fee,-64.49,test
bnk_000000000084,setl_merchant_1_0082,tds_194o,-282.65,test
bnk_000000000084,setl_merchant_1_0082,chargeback_debit,-304.51,test
bnk_000000000084,setl_merchant_1_0082,dispute_fee,-300.00,test
bnk_000000000084,setl_merchant_1_0082,dispute_fee_gst,-54.00,test
bnk_000000000084,setl_merchant_1_0082,reserve_held,-760.75,test
bnk_000000000084,setl_merchant_1_0082,reserve_released,15347.07,test
bnk_000000000084,setl_merchant_1_0082,TOTAL_bank_credit,61330.75,test
bnk_000000000085,setl_merchant_1_0083,gross,26186.01,test
bnk_000000000085,setl_merchant_1_0083,platform_fee,-121.85,test
bnk_000000000085,setl_merchant_1_0083,gst_on_fee,-21.93,test
bnk_000000000085,setl_merchant_1_0083,tds_194o,-194.75,test
bnk_000000000085,setl_merchant_1_0083,refund_netted,-2109.90,test
bnk_000000000085,setl_merchant_1_0083,chargeback_debit,-3997.99,test
bnk_000000000085,setl_merchant_1_0083,dispute_fee,-900.00,test
bnk_000000000085,setl_merchant_1_0083,dispute_fee_gst,-162.00,test
bnk_000000000085,setl_merchant_1_0083,chargeback_reversal,818.88,test
bnk_000000000085,setl_merchant_1_0083,reserve_held,-263.10,test
bnk_000000000085,setl_merchant_1_0083,TOTAL_bank_credit,19233.37,test
bnk_000000000086,setl_merchant_1_0084,gross,63872.02,test
bnk_000000000086,setl_merchant_1_0084,platform_fee,-662.60,test
bnk_000000000086,setl_merchant_1_0084,gst_on_fee,-119.26,test
bnk_000000000086,setl_merchant_1_0084,tds_194o,-438.08,test
bnk_000000000086,setl_merchant_1_0084,refund_netted,-27319.93,test
bnk_000000000086,setl_merchant_1_0084,chargeback_debit,-126.00,test
bnk_000000000086,setl_merchant_1_0084,dispute_fee,-900.00,test
bnk_000000000086,setl_merchant_1_0084,dispute_fee_gst,-162.00,test
bnk_000000000086,setl_merchant_1_0084,chargeback_reversal,586.99,test
bnk_000000000086,setl_merchant_1_0084,reserve_held,-1292.81,test
bnk_000000000086,setl_merchant_1_0084,TOTAL_bank_credit,33438.33,test
bnk_000000000087,setl_merchant_1_0085,gross,70398.19,test
bnk_000000000087,setl_merchant_1_0085,platform_fee,-953.20,test
bnk_000000000087,setl_merchant_1_0085,gst_on_fee,-171.54,test
bnk_000000000087,setl_merchant_1_0085,tds_194o,-554.65,test
bnk_000000000087,setl_merchant_1_0085,refund_netted,-36978.75,test
bnk_000000000087,setl_merchant_1_0085,chargeback_debit,-10314.25,test
bnk_000000000087,setl_merchant_1_0085,dispute_fee,-2400.00,test
bnk_000000000087,setl_merchant_1_0085,dispute_fee_gst,-432.00,test
bnk_000000000087,setl_merchant_1_0085,chargeback_reversal,512.19,test
bnk_000000000087,setl_merchant_1_0085,reserve_held,-2017.65,test
bnk_000000000087,setl_merchant_1_0085,reserve_released,13749.71,test
bnk_000000000087,setl_merchant_1_0085,TOTAL_bank_credit,30838.05,test
bnk_000000000088,setl_merchant_1_0086,gross,55606.40,test
bnk_000000000088,setl_merchant_1_0086,platform_fee,-572.48,test
bnk_000000000088,setl_merchant_1_0086,gst_on_fee,-103.04,test
bnk_000000000088,setl_merchant_1_0086,tds_194o,-251.48,test
bnk_000000000088,setl_merchant_1_0086,refund_netted,-12103.03,test
bnk_000000000088,setl_merchant_1_0086,chargeback_debit,-21391.26,test
bnk_000000000088,setl_merchant_1_0086,dispute_fee,-1800.00,test
bnk_000000000088,setl_merchant_1_0086,dispute_fee_gst,-324.00,test
bnk_000000000088,setl_merchant_1_0086,chargeback_reversal,17184.61,test
bnk_000000000088,setl_merchant_1_0086,reserve_held,-1248.66,test
bnk_000000000088,setl_merchant_1_0086,TOTAL_bank_credit,34997.06,test
